DATETIME, TEMP-INTERNA, TEMP-EXTERNA, TEMP-REFERENCIA, ACIONAMENTO-ATUADOR(%)
21-03-2021-23:36:04,22.021484,25.559999,27.000000,54
21-03-2021-23:36:05,22.182617,25.559999,27.000000,38
21-03-2021-23:36:05,22.182617,25.559999,27.000000,48
21-03-2021-23:36:06,21.645508,25.559999,27.000000,63
21-03-2021-23:36:07,21.645508,25.549999,27.000000,71
21-03-2021-23:36:08,21.645508,25.549999,27.000000,82
21-03-2021-23:36:08,21.967773,25.549999,27.000000,89
21-03-2021-23:36:09,21.967773,25.549999,27.000000,100
21-03-2021-23:36:10,21.967773,25.570000,27.000000,100
21-03-2021-23:36:11,22.451172,25.570000,27.000000,100
21-03-2021-23:36:11,22.451172,25.559999,27.000000,100
21-03-2021-23:36:12,22.451172,25.559999,27.000000,100
21-03-2021-23:36:13,22.719727,25.570000,27.000000,100
21-03-2021-23:36:14,22.719727,25.570000,27.000000,100
21-03-2021-23:36:14,22.719727,25.570000,27.000000,100
21-03-2021-23:36:15,21.860352,25.570000,27.000000,100
21-03-2021-23:36:16,21.860352,25.570000,27.000000,100
21-03-2021-23:36:16,21.860352,25.570000,27.000000,100
21-03-2021-23:36:17,21.000977,25.570000,27.000000,100
21-03-2021-23:36:18,21.000977,25.580000,27.000000,100
21-03-2021-23:36:19,21.000977,25.580000,27.000000,100
21-03-2021-23:36:19,21.000977,25.580000,27.000000,100
21-03-2021-23:36:20,21.000977,25.580000,27.000000,100
21-03-2021-23:36:21,21.376953,25.580000,27.000000,100
21-03-2021-23:36:22,21.376953,25.590000,27.000000,100
21-03-2021-23:36:22,21.376953,25.580000,27.000000,100
21-03-2021-23:36:23,21.645508,25.590000,27.000000,100
21-03-2021-23:36:24,21.645508,25.580000,27.000000,100
21-03-2021-23:36:25,21.645508,25.580000,27.000000,100
21-03-2021-23:36:25,21.860352,25.580000,27.000000,100
21-03-2021-23:36:26,21.860352,25.600000,27.000000,100
21-03-2021-23:36:27,21.860352,25.590000,27.000000,100
21-03-2021-23:36:28,21.484375,25.600000,27.000000,100
21-03-2021-23:36:28,21.484375,25.600000,27.000000,100
21-03-2021-23:36:29,21.484375,25.590000,27.000000,100
21-03-2021-23:36:30,21.967773,25.600000,27.000000,100
21-03-2021-23:36:31,21.967773,25.600000,27.000000,100
21-03-2021-23:36:31,22.182617,25.600000,27.000000,100
21-03-2021-23:36:32,22.182617,25.600000,27.000000,100
21-03-2021-23:36:33,22.182617,25.610001,27.000000,100
21-03-2021-23:36:34,23.417969,25.610001,27.000000,100
21-03-2021-23:36:34,23.417969,25.610001,27.000000,100
21-03-2021-23:36:35,23.417969,25.610001,27.000000,100
21-03-2021-23:36:36,23.901367,25.610001,27.000000,100
21-03-2021-23:36:37,23.901367,25.610001,27.000000,100
21-03-2021-23:36:37,23.901367,25.610001,27.000000,100
21-03-2021-23:36:38,24.760742,25.629999,27.000000,100
21-03-2021-23:36:39,24.760742,25.620001,27.000000,100
21-03-2021-23:36:39,24.760742,25.620001,27.000000,100
21-03-2021-23:36:40,25.297852,25.629999,27.000000,100
21-03-2021-23:36:41,25.297852,25.629999,27.000000,100
21-03-2021-23:36:42,26.103516,25.629999,27.000000,100
21-03-2021-23:36:42,26.103516,25.620001,27.000000,100
21-03-2021-23:36:43,26.103516,25.639999,27.000000,100
21-03-2021-23:36:44,26.962891,25.629999,27.000000,95
21-03-2021-23:36:45,26.962891,25.639999,27.000000,100
21-03-2021-23:36:45,26.962891,25.650000,27.000000,100
21-03-2021-23:36:46,27.500000,25.650000,27.000000,94
21-03-2021-23:36:47,27.500000,25.610001,27.000000,96
21-03-2021-23:36:48,27.500000,25.639999,27.000000,95
21-03-2021-23:36:48,28.251953,25.639999,27.000000,88
21-03-2021-23:36:49,28.251953,25.639999,27.000000,86
21-03-2021-23:36:50,28.251953,25.650000,27.000000,83
21-03-2021-23:36:51,28.627930,25.650000,27.000000,78
21-03-2021-23:36:51,28.627930,25.650000,27.000000,75
21-03-2021-23:36:52,28.627930,25.650000,27.000000,72
21-03-2021-23:36:53,29.594727,25.650000,27.000000,62
21-03-2021-23:36:54,29.594727,25.650000,27.000000,56
21-03-2021-23:36:54,29.379883,25.650000,27.000000,54
21-03-2021-23:36:55,29.379883,25.650000,27.000000,48
21-03-2021-23:36:56,29.379883,25.650000,27.000000,43
21-03-2021-23:36:57,30.024414,25.660000,27.000000,31
21-03-2021-23:36:57,30.024414,25.660000,27.000000,28
21-03-2021-23:36:58,30.024414,25.650000,27.000000,22
21-03-2021-23:36:59,30.615234,25.670000,27.000000,10
21-03-2021-23:37:00,30.615234,25.660000,27.000000,5
21-03-2021-23:37:00,30.615234,25.670000,27.000000,-1
21-03-2021-23:37:01,32.172852,25.670000,27.000000,-19
21-03-2021-23:37:02,32.172852,25.680000,27.000000,-29
21-03-2021-23:37:03,32.172852,25.680000,27.000000,-40
21-03-2021-23:37:03,32.011719,25.670000,27.000000,-49
21-03-2021-23:37:04,32.011719,25.670000,27.000000,-59
21-03-2021-23:37:05,32.011719,25.660000,27.000000,-69
21-03-2021-23:37:05,33.676758,25.670000,27.000000,-91
21-03-2021-23:37:06,33.676758,25.670000,27.000000,-100
21-03-2021-23:37:07,34.912109,25.670000,27.000000,-100
21-03-2021-23:37:08,34.912109,25.670000,27.000000,-100
21-03-2021-23:37:08,34.912109,25.670000,27.000000,-100
21-03-2021-23:37:09,36.040039,25.680000,27.000000,-100
21-03-2021-23:37:10,36.040039,25.670000,27.000000,-100
21-03-2021-23:37:11,36.040039,25.680000,27.000000,-100
21-03-2021-23:37:11,35.664062,25.680000,27.000000,-100
21-03-2021-23:37:12,35.664062,25.680000,27.000000,-100
21-03-2021-23:37:13,35.664062,25.680000,27.000000,-100
21-03-2021-23:37:14,35.986328,25.680000,27.000000,-100
21-03-2021-23:37:14,35.986328,25.680000,27.000000,-100
21-03-2021-23:37:15,35.986328,25.690001,27.000000,-100
21-03-2021-23:37:16,37.436523,25.680000,27.000000,-100
21-03-2021-23:37:17,37.436523,25.690001,27.000000,-100
21-03-2021-23:37:17,37.651367,25.690001,27.000000,-100
21-03-2021-23:37:18,37.651367,25.690001,27.000000,-100
21-03-2021-23:37:19,37.651367,25.690001,27.000000,-100
21-03-2021-23:37:20,37.382812,25.680000,27.000000,-100
21-03-2021-23:37:20,37.382812,25.690001,27.000000,-100
21-03-2021-23:37:21,37.382812,25.690001,27.000000,-100
21-03-2021-23:37:22,37.329102,25.690001,27.000000,-100
21-03-2021-23:37:23,37.329102,25.690001,27.000000,-100
21-03-2021-23:37:23,37.329102,25.690001,27.000000,-100
21-03-2021-23:37:24,36.738281,25.690001,72.000000,100
21-03-2021-23:37:25,36.738281,25.690001,72.000000,100
21-03-2021-23:37:25,36.738281,25.690001,72.000000,100
21-03-2021-23:37:26,35.717773,25.690001,72.000000,100
21-03-2021-23:37:27,35.717773,25.690001,72.000000,100
21-03-2021-23:37:28,35.717773,25.690001,72.000000,100
21-03-2021-23:37:28,36.040039,25.690001,72.000000,100
21-03-2021-23:37:29,36.040039,25.690001,72.000000,100
21-03-2021-23:37:30,39.370117,25.680000,72.000000,100
21-03-2021-23:37:31,39.370117,25.690001,72.000000,100
21-03-2021-23:37:31,39.370117,25.690001,72.000000,100
21-03-2021-23:37:32,41.787109,25.680000,72.000000,100
21-03-2021-23:37:33,41.787109,25.690001,72.000000,100
21-03-2021-23:37:34,41.787109,25.690001,72.000000,100
21-03-2021-23:37:34,42.807617,25.690001,72.000000,100
21-03-2021-23:37:35,42.807617,25.690001,72.000000,100
21-03-2021-23:37:36,42.807617,25.690001,72.000000,100
21-03-2021-23:37:37,42.431641,25.690001,72.000000,100
21-03-2021-23:37:37,42.431641,25.690001,72.000000,100
21-03-2021-23:37:38,42.431641,25.680000,72.000000,100
21-03-2021-23:37:39,43.022461,25.690001,72.000000,100
21-03-2021-23:37:40,43.022461,25.690001,72.000000,100
21-03-2021-23:37:40,43.022461,25.670000,72.000000,100
21-03-2021-23:37:41,43.559570,25.680000,72.000000,100
21-03-2021-23:37:42,43.559570,25.680000,72.000000,100
21-03-2021-23:37:43,42.807617,25.700001,72.000000,100
21-03-2021-23:37:43,42.807617,25.680000,72.000000,100
21-03-2021-23:37:44,42.807617,25.700001,72.000000,100
21-03-2021-23:37:45,41.948242,25.680000,72.000000,100
21-03-2021-23:37:46,41.948242,25.680000,72.000000,100
21-03-2021-23:37:46,41.948242,25.690001,72.000000,100
21-03-2021-23:37:47,42.270508,25.690001,72.000000,100
21-03-2021-23:37:48,42.270508,25.680000,72.000000,100
21-03-2021-23:37:49,42.270508,25.690001,72.000000,100
21-03-2021-23:37:49,43.613281,25.700001,72.000000,100
21-03-2021-23:37:50,43.613281,25.700001,72.000000,100
21-03-2021-23:37:51,43.613281,25.700001,72.000000,100
21-03-2021-23:37:51,45.654297,25.709999,72.000000,100
21-03-2021-23:37:52,45.654297,25.700001,72.000000,100
21-03-2021-23:37:53,46.943359,25.709999,72.000000,100
21-03-2021-23:37:54,46.943359,25.709999,72.000000,100
21-03-2021-23:37:54,46.943359,25.709999,72.000000,100
21-03-2021-23:37:55,46.728516,25.700001,72.000000,100
21-03-2021-23:37:56,46.728516,25.700001,72.000000,100
21-03-2021-23:37:57,46.728516,25.709999,72.000000,100
21-03-2021-23:37:57,47.749023,25.709999,72.000000,100
21-03-2021-23:37:58,47.749023,25.719999,72.000000,100
21-03-2021-23:37:59,47.749023,25.709999,72.000000,100
21-03-2021-23:38:00,48.876953,25.709999,72.000000,100
21-03-2021-23:38:00,48.876953,25.730000,72.000000,100
21-03-2021-23:38:01,48.876953,25.730000,72.000000,100
21-03-2021-23:38:02,50.112305,25.730000,72.000000,100
21-03-2021-23:38:03,50.112305,25.719999,72.000000,100
21-03-2021-23:38:03,50.112305,25.730000,72.000000,100
21-03-2021-23:38:04,50.756836,25.719999,72.000000,100
21-03-2021-23:38:05,50.756836,25.730000,72.000000,100
21-03-2021-23:38:06,49.790039,25.740000,72.000000,100
21-03-2021-23:38:06,49.790039,25.740000,72.000000,100
21-03-2021-23:38:07,49.790039,25.719999,72.000000,100
21-03-2021-23:38:08,51.347656,25.740000,72.000000,100
21-03-2021-23:38:09,51.347656,25.730000,72.000000,100
21-03-2021-23:38:09,51.347656,25.730000,72.000000,100
21-03-2021-23:38:10,52.045898,25.740000,72.000000,100
21-03-2021-23:38:11,52.045898,25.740000,72.000000,100
21-03-2021-23:38:12,52.045898,25.740000,72.000000,100
21-03-2021-23:38:12,52.851562,25.740000,72.000000,100
21-03-2021-23:38:13,52.851562,25.740000,72.000000,100
21-03-2021-23:38:14,52.851562,25.750000,72.000000,100
21-03-2021-23:38:14,54.033203,25.750000,72.000000,100
21-03-2021-23:38:15,54.033203,25.740000,72.000000,100
21-03-2021-23:38:16,54.033203,25.740000,72.000000,100
21-03-2021-23:38:17,55.322266,25.750000,72.000000,100
21-03-2021-23:38:17,55.322266,25.750000,72.000000,100
21-03-2021-23:38:18,57.631836,25.750000,72.000000,100
21-03-2021-23:38:19,57.631836,25.750000,72.000000,100
21-03-2021-23:38:20,57.631836,25.760000,72.000000,100
21-03-2021-23:38:20,58.383789,25.750000,72.000000,100
21-03-2021-23:38:21,58.383789,25.750000,72.000000,100
21-03-2021-23:38:22,58.383789,25.760000,72.000000,100
21-03-2021-23:38:23,59.780273,25.760000,72.000000,100
21-03-2021-23:38:23,59.780273,25.770000,72.000000,100
21-03-2021-23:38:24,59.780273,25.770000,72.000000,100
21-03-2021-23:38:25,59.565430,25.770000,72.000000,100
21-03-2021-23:38:26,59.565430,25.770000,72.000000,100
21-03-2021-23:38:26,59.565430,25.770000,72.000000,100
21-03-2021-23:38:27,61.391602,25.780001,72.000000,100
21-03-2021-23:38:28,61.391602,25.780001,72.000000,100
21-03-2021-23:38:29,62.358398,25.760000,72.000000,100
21-03-2021-23:38:29,62.358398,25.770000,72.000000,100
21-03-2021-23:38:30,62.358398,25.780001,72.000000,100
21-03-2021-23:38:31,64.829102,25.780001,72.000000,100
21-03-2021-23:38:32,64.829102,25.780001,72.000000,100
21-03-2021-23:38:32,64.829102,25.780001,72.000000,100
21-03-2021-23:38:33,64.238281,25.780001,72.000000,100
21-03-2021-23:38:34,64.238281,25.780001,72.000000,100
21-03-2021-23:38:35,64.238281,25.780001,72.000000,100
21-03-2021-23:38:35,65.581055,25.780001,72.000000,100
21-03-2021-23:38:36,65.581055,25.790001,72.000000,100
21-03-2021-23:38:37,65.581055,25.790001,72.000000,100
21-03-2021-23:38:37,66.010742,25.799999,72.000000,100
21-03-2021-23:38:38,66.010742,25.799999,72.000000,100
21-03-2021-23:38:39,66.010742,25.799999,72.000000,100
21-03-2021-23:38:40,67.514648,25.799999,72.000000,100
21-03-2021-23:38:40,67.514648,25.799999,72.000000,100
21-03-2021-23:38:41,67.138672,25.799999,72.000000,100
21-03-2021-23:38:42,67.138672,25.799999,72.000000,100
21-03-2021-23:38:43,67.138672,25.799999,72.000000,100
21-03-2021-23:38:43,67.568359,25.809999,72.000000,100
21-03-2021-23:38:44,67.568359,25.809999,72.000000,100
21-03-2021-23:38:45,67.568359,25.809999,72.000000,100
21-03-2021-23:38:46,66.762695,25.809999,72.000000,100
21-03-2021-23:38:46,66.762695,25.809999,72.000000,100
21-03-2021-23:38:47,66.762695,25.799999,72.000000,100
21-03-2021-23:38:48,67.031250,25.799999,72.000000,100
21-03-2021-23:38:49,67.031250,25.820000,72.000000,100
21-03-2021-23:38:49,67.031250,25.820000,72.000000,100
21-03-2021-23:38:50,66.494141,25.820000,72.000000,100
21-03-2021-23:38:51,66.494141,25.820000,72.000000,100
21-03-2021-23:38:52,66.494141,25.820000,72.000000,100
21-03-2021-23:38:52,67.192383,25.809999,72.000000,100
21-03-2021-23:38:53,67.192383,25.809999,72.000000,100
21-03-2021-23:38:54,70.307617,25.809999,72.000000,92
21-03-2021-23:38:55,70.307617,25.809999,72.000000,100
21-03-2021-23:38:55,70.307617,25.820000,72.000000,100
21-03-2021-23:38:56,73.959961,25.820000,72.000000,69
21-03-2021-23:38:57,73.959961,25.820000,72.000000,84
21-03-2021-23:38:58,73.959961,25.820000,72.000000,80
21-03-2021-23:38:58,77.504883,25.820000,72.000000,37
21-03-2021-23:38:59,77.504883,25.820000,72.000000,44
21-03-2021-23:39:00,77.504883,25.820000,72.000000,33
21-03-2021-23:39:01,79.921875,25.820000,72.000000,5
21-03-2021-23:39:01,79.921875,25.830000,72.000000,-10
21-03-2021-23:39:02,79.921875,25.830000,72.000000,-26
21-03-2021-23:39:03,80.996094,25.830000,72.000000,-49
21-03-2021-23:39:03,80.996094,25.830000,72.000000,-67
21-03-2021-23:39:04,81.909180,25.830000,72.000000,-95
21-03-2021-23:39:05,81.909180,25.830000,72.000000,-100
21-03-2021-23:39:06,81.909180,25.830000,72.000000,-100
21-03-2021-23:39:06,80.083008,25.830000,72.000000,-100
21-03-2021-23:39:07,80.083008,25.830000,72.000000,-100
21-03-2021-23:39:08,80.083008,25.840000,72.000000,-100
21-03-2021-23:39:09,80.673828,25.840000,72.000000,-100
21-03-2021-23:39:09,80.673828,25.840000,72.000000,-100
21-03-2021-23:39:10,80.673828,25.840000,72.000000,-100
21-03-2021-23:39:11,81.909180,25.840000,72.000000,-100
21-03-2021-23:39:12,81.909180,25.840000,72.000000,-100
21-03-2021-23:39:12,81.909180,25.850000,72.000000,-100
21-03-2021-23:39:13,83.789062,25.860001,72.000000,-100
21-03-2021-23:39:14,83.789062,25.860001,72.000000,-100
21-03-2021-23:39:15,83.789062,25.850000,72.000000,-100
21-03-2021-23:39:15,83.627930,25.850000,72.000000,-100
21-03-2021-23:39:16,83.627930,25.850000,72.000000,-100
21-03-2021-23:39:17,82.929688,25.840000,72.000000,-100
21-03-2021-23:39:18,82.929688,25.850000,72.000000,-100
21-03-2021-23:39:18,82.929688,25.850000,72.000000,-100
21-03-2021-23:39:19,83.574219,25.850000,72.000000,-100
21-03-2021-23:39:20,83.574219,25.850000,72.000000,-100
21-03-2021-23:39:21,83.574219,25.850000,72.000000,-100
21-03-2021-23:39:21,82.929688,25.850000,72.000000,-100
21-03-2021-23:39:22,82.929688,25.850000,72.000000,-100
21-03-2021-23:39:23,82.929688,25.840000,72.000000,-100
21-03-2021-23:39:24,82.231445,25.850000,72.000000,-100
21-03-2021-23:39:24,82.231445,25.850000,72.000000,-100
21-03-2021-23:39:25,82.231445,25.850000,72.000000,-100
21-03-2021-23:39:26,79.599609,25.850000,72.000000,-100
21-03-2021-23:39:27,79.599609,25.850000,72.000000,-100
21-03-2021-23:39:27,79.599609,25.850000,72.000000,-100
21-03-2021-23:39:28,79.008789,25.840000,72.000000,-100
21-03-2021-23:39:29,79.008789,25.840000,72.000000,-100
21-03-2021-23:39:29,79.116211,25.850000,72.000000,-100
21-03-2021-23:39:30,79.116211,25.840000,72.000000,-100
21-03-2021-23:39:31,79.116211,25.840000,72.000000,-100
21-03-2021-23:39:32,78.740234,25.840000,72.000000,-100
21-03-2021-23:39:32,78.740234,25.840000,72.000000,-100
21-03-2021-23:39:33,78.740234,25.840000,72.000000,-100
21-03-2021-23:39:34,78.203125,25.840000,72.000000,-100
21-03-2021-23:39:35,78.203125,25.840000,72.000000,-100
21-03-2021-23:39:35,78.203125,25.840000,72.000000,-100
21-03-2021-23:39:36,77.988281,25.830000,72.000000,-100
21-03-2021-23:39:37,77.988281,25.830000,72.000000,-100
21-03-2021-23:39:38,77.988281,25.830000,72.000000,-100
21-03-2021-23:39:38,76.860352,25.840000,72.000000,-100
21-03-2021-23:39:39,76.860352,25.830000,72.000000,-100
21-03-2021-23:39:40,76.000977,25.830000,72.000000,-100
21-03-2021-23:39:41,76.000977,25.830000,72.000000,-100
21-03-2021-23:39:41,76.000977,25.830000,72.000000,-100
21-03-2021-23:39:42,74.658203,25.840000,72.000000,-100
21-03-2021-23:39:43,74.658203,25.840000,72.000000,-100
21-03-2021-23:39:44,74.658203,25.830000,72.000000,-100
21-03-2021-23:39:44,75.839844,25.830000,72.000000,-100
21-03-2021-23:39:45,75.839844,25.830000,72.000000,-100
21-03-2021-23:39:46,75.839844,25.830000,72.000000,-100
21-03-2021-23:39:47,76.538086,25.830000,72.000000,-100
21-03-2021-23:39:47,76.538086,25.840000,72.000000,-100
21-03-2021-23:39:48,76.538086,25.840000,72.000000,-100
21-03-2021-23:39:49,76.323242,25.830000,72.000000,-100
21-03-2021-23:39:50,76.323242,25.830000,72.000000,-100
21-03-2021-23:39:50,76.323242,25.830000,72.000000,-100
21-03-2021-23:39:51,75.195312,25.820000,72.000000,-100
21-03-2021-23:39:52,75.195312,25.830000,72.000000,-100
21-03-2021-23:39:53,74.926758,25.830000,72.000000,-100
21-03-2021-23:39:53,74.926758,25.840000,72.000000,-100
21-03-2021-23:39:54,74.926758,25.840000,72.000000,-100
21-03-2021-23:39:55,73.852539,25.830000,72.000000,-100
21-03-2021-23:39:55,73.852539,25.820000,72.000000,-100
21-03-2021-23:39:56,73.852539,25.820000,72.000000,-100
21-03-2021-23:39:57,73.691406,25.830000,72.000000,-100
21-03-2021-23:39:58,73.691406,25.820000,72.000000,-100
21-03-2021-23:39:58,73.691406,25.830000,72.000000,-100
21-03-2021-23:39:59,72.563477,25.830000,72.000000,-100
21-03-2021-23:40:00,72.563477,25.830000,72.000000,-100
21-03-2021-23:40:01,72.563477,25.830000,72.000000,-100
21-03-2021-23:40:01,72.885742,25.820000,72.000000,-100
21-03-2021-23:40:02,72.885742,25.830000,72.000000,-100
21-03-2021-23:40:03,72.885742,25.820000,72.000000,-100
21-03-2021-23:40:04,73.959961,25.820000,72.000000,-100
21-03-2021-23:40:04,73.959961,25.820000,72.000000,-100
21-03-2021-23:40:05,74.121094,25.820000,72.000000,-100
21-03-2021-23:40:06,74.121094,25.830000,72.000000,-100
21-03-2021-23:40:07,74.121094,25.820000,72.000000,-100
21-03-2021-23:40:07,73.100586,25.830000,72.000000,-100
21-03-2021-23:40:08,73.100586,25.830000,72.000000,-100
21-03-2021-23:40:09,73.100586,25.830000,72.000000,-100
21-03-2021-23:40:10,70.200195,25.830000,72.000000,-74
21-03-2021-23:40:10,70.200195,25.830000,72.000000,-85
21-03-2021-23:40:11,70.200195,25.830000,72.000000,-82
21-03-2021-23:40:12,69.716797,25.840000,72.000000,-75
21-03-2021-23:40:13,69.716797,25.820000,72.000000,-70
21-03-2021-23:40:13,69.716797,25.830000,72.000000,-65
21-03-2021-23:40:14,69.609375,25.830000,72.000000,-60
21-03-2021-23:40:15,69.609375,25.830000,72.000000,-55
21-03-2021-23:40:15,69.609375,25.820000,72.000000,-51
21-03-2021-23:40:16,68.911133,25.820000,72.000000,-41
21-03-2021-23:40:17,68.911133,25.830000,72.000000,-35
21-03-2021-23:40:18,67.514648,25.820000,72.000000,-13
21-03-2021-23:40:18,67.514648,25.820000,72.000000,-11
21-03-2021-23:40:19,67.514648,25.820000,72.000000,-2
21-03-2021-23:40:20,67.192383,25.820000,72.000000,9
21-03-2021-23:40:21,67.192383,25.809999,72.000000,17
21-03-2021-23:40:21,67.192383,25.820000,72.000000,27
21-03-2021-23:40:22,66.279297,25.809999,72.000000,47
21-03-2021-23:40:23,66.279297,25.820000,72.000000,54
21-03-2021-23:40:24,66.279297,25.820000,72.000000,65
21-03-2021-23:40:24,68.212891,25.820000,72.000000,63
21-03-2021-23:40:25,68.212891,25.820000,72.000000,70
21-03-2021-23:40:26,68.212891,25.809999,72.000000,78
21-03-2021-23:40:27,69.985352,25.820000,72.000000,73
21-03-2021-23:40:27,69.985352,25.820000,72.000000,77
21-03-2021-23:40:28,69.985352,25.809999,72.000000,81
21-03-2021-23:40:29,72.133789,25.820000,72.000000,70
21-03-2021-23:40:30,72.133789,25.820000,72.000000,70
21-03-2021-23:40:30,71.274414,25.820000,72.000000,79
21-03-2021-23:40:31,71.274414,25.820000,72.000000,76
21-03-2021-23:40:32,71.274414,25.820000,72.000000,78
21-03-2021-23:40:33,71.381836,25.820000,72.000000,78
21-03-2021-23:40:33,71.381836,25.830000,72.000000,80
21-03-2021-23:40:34,71.381836,25.809999,72.000000,81
21-03-2021-23:40:35,71.650391,25.809999,72.000000,79
21-03-2021-23:40:36,71.650391,25.820000,72.000000,81
21-03-2021-23:40:36,71.650391,25.820000,72.000000,82
21-03-2021-23:40:37,72.993164,25.820000,72.000000,73
21-03-2021-23:40:38,72.993164,25.830000,72.000000,71
21-03-2021-23:40:38,72.993164,25.820000,72.000000,69
21-03-2021-23:40:39,73.261719,25.820000,72.000000,66
21-03-2021-23:40:40,73.261719,25.830000,72.000000,63
21-03-2021-23:40:41,74.711914,25.820000,72.000000,45
21-03-2021-23:40:41,74.711914,25.820000,72.000000,46
21-03-2021-23:40:42,74.711914,25.820000,72.000000,41
21-03-2021-23:40:43,75.087891,25.820000,72.000000,31
21-03-2021-23:40:44,75.087891,25.809999,72.000000,27
21-03-2021-23:40:44,75.087891,25.820000,72.000000,21
21-03-2021-23:40:45,74.228516,25.799999,72.000000,24
21-03-2021-23:40:46,74.228516,25.809999,72.000000,15
21-03-2021-23:40:47,74.228516,25.809999,72.000000,11
21-03-2021-23:40:47,73.959961,25.809999,72.000000,8
21-03-2021-23:40:48,73.959961,25.809999,72.000000,4
21-03-2021-23:40:49,73.959961,25.809999,72.000000,1
21-03-2021-23:40:50,73.315430,25.809999,72.000000,1
21-03-2021-23:40:50,73.315430,25.820000,72.000000,-1
21-03-2021-23:40:51,73.315430,25.809999,72.000000,-3
21-03-2021-23:40:52,73.261719,25.809999,72.000000,-5
21-03-2021-23:40:53,73.261719,25.820000,72.000000,-8
21-03-2021-23:40:53,73.583984,25.820000,72.000000,-14
21-03-2021-23:40:54,73.583984,25.809999,72.000000,-16
21-03-2021-23:40:55,73.583984,25.820000,72.000000,-19
21-03-2021-23:40:56,74.497070,25.820000,72.000000,-32
21-03-2021-23:40:56,74.497070,25.820000,72.000000,-32
21-03-2021-23:40:57,74.497070,25.820000,72.000000,-37
21-03-2021-23:40:58,76.269531,25.820000,72.000000,-62
21-03-2021-23:40:59,76.269531,25.830000,72.000000,-62
21-03-2021-23:40:59,76.269531,25.830000,72.000000,-70
21-03-2021-23:41:00,76.000977,25.820000,72.000000,-77
21-03-2021-23:41:01,76.000977,25.830000,72.000000,-85
21-03-2021-23:41:01,76.000977,25.830000,72.000000,-93
21-03-2021-23:41:02,76.860352,25.820000,72.000000,-100
21-03-2021-23:41:03,76.860352,25.820000,72.000000,-100
21-03-2021-23:41:04,76.860352,25.820000,72.000000,-100
21-03-2021-23:41:04,74.980469,25.830000,72.000000,-100
21-03-2021-23:41:05,74.980469,25.820000,72.000000,-100
21-03-2021-23:41:06,74.926758,25.820000,72.000000,-100
21-03-2021-23:41:07,74.926758,25.830000,72.000000,-100
21-03-2021-23:41:07,74.926758,25.820000,72.000000,-100
21-03-2021-23:41:08,73.745117,25.820000,72.000000,-100
21-03-2021-23:41:09,73.745117,25.830000,72.000000,-100
21-03-2021-23:41:10,73.745117,25.820000,72.000000,-100
21-03-2021-23:41:10,74.980469,25.830000,72.000000,-100
21-03-2021-23:41:11,74.980469,25.820000,72.000000,-100
21-03-2021-23:41:12,74.980469,25.809999,72.000000,-100
21-03-2021-23:41:13,74.711914,25.820000,72.000000,-100
21-03-2021-23:41:13,74.711914,25.820000,72.000000,-100
21-03-2021-23:41:14,74.711914,25.799999,72.000000,-100
21-03-2021-23:41:15,74.711914,25.820000,72.000000,-100
21-03-2021-23:41:16,74.711914,25.830000,72.000000,-100
21-03-2021-23:41:16,73.369141,25.830000,72.000000,-100
21-03-2021-23:41:17,73.369141,25.830000,72.000000,-100
21-03-2021-23:41:18,73.369141,25.820000,72.000000,-100
21-03-2021-23:41:19,71.918945,25.820000,72.000000,-92
21-03-2021-23:41:19,71.918945,25.820000,72.000000,-99
21-03-2021-23:41:20,71.918945,25.820000,72.000000,-99
21-03-2021-23:41:21,71.972656,25.820000,72.000000,-99
21-03-2021-23:41:22,71.972656,25.830000,72.000000,-99
21-03-2021-23:41:22,71.972656,25.830000,72.000000,-99
21-03-2021-23:41:23,71.650391,25.820000,72.000000,-96
21-03-2021-23:41:24,71.650391,25.820000,72.000000,-96
21-03-2021-23:41:25,71.650391,25.820000,72.000000,-95
21-03-2021-23:41:25,71.005859,25.820000,72.000000,-90
21-03-2021-23:41:26,71.005859,25.820000,72.000000,-88
21-03-2021-23:41:27,71.005859,25.820000,72.000000,-86
21-03-2021-23:41:27,68.535156,25.820000,72.000000,-67
21-03-2021-23:41:28,68.535156,25.820000,72.000000,-60
21-03-2021-23:41:29,67.353516,25.820000,72.000000,-40
21-03-2021-23:41:30,67.353516,25.820000,72.000000,-36
21-03-2021-23:41:30,67.353516,25.820000,72.000000,-27
21-03-2021-23:41:31,67.729492,25.830000,72.000000,-22
21-03-2021-23:41:32,67.729492,25.820000,72.000000,-11
21-03-2021-23:41:33,67.729492,25.820000,72.000000,-3
21-03-2021-23:41:33,68.105469,25.809999,72.000000,0
21-03-2021-23:41:34,68.105469,25.809999,72.000000,10
21-03-2021-23:41:35,68.105469,25.809999,72.000000,18
21-03-2021-23:41:36,68.481445,25.809999,72.000000,23
21-03-2021-23:41:36,68.481445,25.809999,72.000000,30
21-03-2021-23:41:37,68.481445,25.809999,72.000000,37
21-03-2021-23:41:38,67.192383,25.820000,72.000000,53
21-03-2021-23:41:39,67.192383,25.820000,72.000000,63
21-03-2021-23:41:39,67.192383,25.820000,79.000000,100
21-03-2021-23:41:40,65.795898,25.820000,79.000000,100
21-03-2021-23:41:41,65.795898,25.809999,79.000000,100
21-03-2021-23:41:42,66.064453,25.809999,79.000000,100
21-03-2021-23:41:42,66.064453,25.809999,79.000000,100
21-03-2021-23:41:43,66.064453,25.809999,79.000000,100
21-03-2021-23:41:44,66.977539,25.809999,79.000000,100
21-03-2021-23:41:45,66.977539,25.799999,79.000000,100
21-03-2021-23:41:45,66.977539,25.809999,79.000000,100
21-03-2021-23:41:46,69.072266,25.809999,79.000000,100
21-03-2021-23:41:47,69.072266,25.809999,79.000000,100
21-03-2021-23:41:48,69.072266,25.809999,79.000000,100
21-03-2021-23:41:48,69.877930,25.809999,79.000000,100
21-03-2021-23:41:49,69.877930,25.820000,79.000000,100
21-03-2021-23:41:50,69.877930,25.799999,79.000000,100
21-03-2021-23:41:51,71.328125,25.809999,79.000000,100
21-03-2021-23:41:51,71.328125,25.809999,79.000000,100
21-03-2021-23:41:52,71.328125,25.820000,79.000000,100
21-03-2021-23:41:53,72.187500,25.809999,79.000000,100
21-03-2021-23:41:53,72.187500,25.820000,79.000000,100
21-03-2021-23:41:54,72.670898,25.809999,79.000000,100
21-03-2021-23:41:55,72.670898,25.820000,79.000000,100
21-03-2021-23:41:56,72.670898,25.820000,79.000000,100
21-03-2021-23:41:56,72.724609,25.820000,79.000000,100
21-03-2021-23:41:57,72.724609,25.820000,79.000000,100
21-03-2021-23:41:58,72.724609,25.820000,79.000000,100
21-03-2021-23:41:59,72.509766,25.809999,79.000000,100
21-03-2021-23:41:59,72.509766,25.809999,79.000000,100
21-03-2021-23:42:00,72.509766,25.820000,79.000000,100
21-03-2021-23:42:01,72.670898,25.820000,79.000000,100
21-03-2021-23:42:02,72.670898,25.830000,79.000000,100
21-03-2021-23:42:02,72.670898,25.830000,79.000000,100
21-03-2021-23:42:03,73.583984,25.830000,79.000000,100
21-03-2021-23:42:04,73.583984,25.820000,79.000000,100
21-03-2021-23:42:05,74.282227,25.820000,79.000000,100
21-03-2021-23:42:05,74.282227,25.820000,79.000000,100
21-03-2021-23:42:06,74.282227,25.830000,79.000000,100
21-03-2021-23:42:07,74.980469,25.830000,79.000000,100
21-03-2021-23:42:08,74.980469,25.830000,79.000000,100
21-03-2021-23:42:08,74.980469,25.830000,79.000000,100
21-03-2021-23:42:09,75.195312,25.830000,79.000000,100
21-03-2021-23:42:10,75.195312,25.830000,79.000000,100
21-03-2021-23:42:11,75.195312,25.830000,79.000000,100
21-03-2021-23:42:11,75.356445,25.830000,79.000000,100
21-03-2021-23:42:12,75.356445,25.830000,79.000000,100
21-03-2021-23:42:13,75.356445,25.830000,79.000000,100
21-03-2021-23:42:14,76.054688,25.840000,79.000000,100
21-03-2021-23:42:14,76.054688,25.840000,79.000000,100
21-03-2021-23:42:15,76.054688,25.840000,79.000000,100
21-03-2021-23:42:16,77.504883,25.840000,79.000000,100
21-03-2021-23:42:16,77.504883,25.850000,79.000000,100
21-03-2021-23:42:17,78.471680,25.840000,79.000000,97
21-03-2021-23:42:18,78.471680,25.840000,79.000000,100
21-03-2021-23:42:19,78.471680,25.830000,79.000000,100
21-03-2021-23:42:19,78.740234,25.840000,79.000000,99
21-03-2021-23:42:20,78.740234,25.840000,79.000000,100
21-03-2021-23:42:21,78.740234,25.840000,79.000000,100
21-03-2021-23:42:22,78.203125,25.840000,79.000000,100
21-03-2021-23:42:22,78.203125,25.850000,79.000000,100
21-03-2021-23:42:23,78.203125,25.850000,79.000000,100
21-03-2021-23:42:24,76.967773,25.840000,79.000000,100
21-03-2021-23:42:25,76.967773,25.840000,79.000000,100
21-03-2021-23:42:25,76.967773,25.850000,79.000000,100
21-03-2021-23:42:26,76.430664,25.840000,79.000000,100
21-03-2021-23:42:27,76.430664,25.840000,79.000000,100
21-03-2021-23:42:28,76.430664,25.850000,79.000000,100
21-03-2021-23:42:28,76.967773,25.850000,79.000000,100
21-03-2021-23:42:29,76.967773,25.850000,79.000000,100
21-03-2021-23:42:30,76.323242,25.850000,79.000000,100
21-03-2021-23:42:31,76.323242,25.850000,79.000000,100
21-03-2021-23:42:31,76.323242,25.850000,79.000000,100
21-03-2021-23:42:32,76.430664,25.860001,79.000000,100
21-03-2021-23:42:33,76.430664,25.850000,79.000000,100
21-03-2021-23:42:34,76.430664,25.850000,79.000000,100
21-03-2021-23:42:34,76.430664,25.840000,79.000000,100
21-03-2021-23:42:35,76.430664,25.870001,79.000000,100
21-03-2021-23:42:36,76.430664,25.850000,79.000000,100
21-03-2021-23:42:37,81.533203,25.860001,79.000000,82
21-03-2021-23:42:37,81.533203,25.860001,79.000000,77
21-03-2021-23:42:38,81.533203,25.860001,79.000000,72
21-03-2021-23:42:39,84.755859,25.850000,79.000000,44
21-03-2021-23:42:39,84.755859,25.850000,79.000000,32
21-03-2021-23:42:40,84.755859,25.860001,79.000000,21
21-03-2021-23:42:41,87.495117,25.860001,79.000000,-9
21-03-2021-23:42:42,87.495117,25.860001,79.000000,-26
21-03-2021-23:42:42,86.958008,25.860001,79.000000,-37
21-03-2021-23:42:43,86.958008,25.860001,79.000000,-55
21-03-2021-23:42:44,86.958008,25.860001,79.000000,-71
21-03-2021-23:42:45,88.354492,25.860001,79.000000,-100
21-03-2021-23:42:45,88.354492,25.860001,79.000000,-100
21-03-2021-23:42:46,88.354492,25.860001,79.000000,-100
21-03-2021-23:42:47,89.160156,25.879999,79.000000,-100
21-03-2021-23:42:48,89.160156,25.870001,79.000000,-100
21-03-2021-23:42:48,89.160156,25.879999,79.000000,-100
21-03-2021-23:42:49,90.610352,25.870001,79.000000,-100
21-03-2021-23:42:50,90.610352,25.870001,79.000000,-100
21-03-2021-23:42:51,90.610352,25.879999,79.000000,-100
21-03-2021-23:42:51,88.730469,25.879999,79.000000,-100
21-03-2021-23:42:52,88.730469,25.879999,79.000000,-100
21-03-2021-23:42:53,87.065430,25.879999,79.000000,-100
21-03-2021-23:42:54,87.065430,25.870001,79.000000,-100
21-03-2021-23:42:54,87.065430,25.879999,79.000000,-100
21-03-2021-23:42:55,85.615234,25.879999,79.000000,-100
21-03-2021-23:42:56,85.615234,25.879999,79.000000,-100
21-03-2021-23:42:57,85.615234,25.879999,79.000000,-100
21-03-2021-23:42:57,86.206055,25.879999,79.000000,-100
21-03-2021-23:42:58,86.206055,25.860001,79.000000,-100
21-03-2021-23:42:59,86.206055,25.889999,79.000000,-100
21-03-2021-23:43:00,85.937500,25.879999,79.000000,-100
21-03-2021-23:43:00,85.937500,25.900000,79.000000,-100
21-03-2021-23:43:01,85.937500,25.900000,79.000000,-100
21-03-2021-23:43:02,86.420898,25.900000,79.000000,-100
21-03-2021-23:43:03,86.420898,25.900000,79.000000,-100
21-03-2021-23:43:03,86.420898,25.900000,79.000000,-100
21-03-2021-23:43:04,85.937500,25.900000,79.000000,-100
21-03-2021-23:43:05,85.937500,25.900000,79.000000,-100
21-03-2021-23:43:05,86.098633,25.900000,79.000000,-100
21-03-2021-23:43:06,86.098633,25.900000,79.000000,-100
21-03-2021-23:43:07,86.098633,25.910000,79.000000,-100
21-03-2021-23:43:08,84.326172,25.900000,79.000000,-100
21-03-2021-23:43:08,84.326172,25.900000,79.000000,-100
21-03-2021-23:43:09,84.326172,25.900000,79.000000,-100
21-03-2021-23:43:10,84.057617,25.900000,79.000000,-100
21-03-2021-23:43:11,84.057617,25.900000,79.000000,-100
21-03-2021-23:43:11,84.057617,25.900000,79.000000,-100
21-03-2021-23:43:12,83.037109,25.900000,79.000000,-100
21-03-2021-23:43:13,83.037109,25.910000,79.000000,-100
21-03-2021-23:43:14,83.037109,25.900000,79.000000,-100
21-03-2021-23:43:14,82.124023,25.910000,79.000000,-100
21-03-2021-23:43:15,82.124023,25.910000,79.000000,-100
21-03-2021-23:43:16,82.446289,25.900000,79.000000,-100
21-03-2021-23:43:17,82.446289,25.900000,79.000000,-100
21-03-2021-23:43:17,82.446289,25.900000,79.000000,-100
21-03-2021-23:43:18,83.735352,25.910000,79.000000,-100
21-03-2021-23:43:19,83.735352,25.900000,79.000000,-100
21-03-2021-23:43:20,83.735352,25.900000,79.000000,-100
21-03-2021-23:43:20,83.574219,25.900000,79.000000,-100
21-03-2021-23:43:21,83.574219,25.879999,79.000000,-100
21-03-2021-23:43:22,83.574219,25.879999,79.000000,-100
21-03-2021-23:43:23,81.372070,25.870001,79.000000,-100
21-03-2021-23:43:23,81.372070,25.889999,79.000000,-100
21-03-2021-23:43:24,81.372070,25.889999,79.000000,-100
21-03-2021-23:43:25,79.062500,25.900000,79.000000,-100
21-03-2021-23:43:26,79.062500,25.900000,79.000000,-100
21-03-2021-23:43:26,79.062500,25.879999,79.000000,-100
21-03-2021-23:43:27,77.182617,25.900000,79.000000,-87
21-03-2021-23:43:28,77.182617,25.900000,79.000000,-83
21-03-2021-23:43:29,75.786133,25.900000,79.000000,-64
21-03-2021-23:43:29,75.786133,25.900000,79.000000,-65
21-03-2021-23:43:30,75.786133,25.889999,79.000000,-58
21-03-2021-23:43:31,73.906250,25.889999,79.000000,-31
21-03-2021-23:43:31,73.906250,25.889999,79.000000,-30
21-03-2021-23:43:32,73.906250,25.889999,79.000000,-20
21-03-2021-23:43:33,74.658203,25.889999,79.000000,-18
21-03-2021-23:43:34,74.658203,25.900000,79.000000,-6
21-03-2021-23:43:34,74.658203,25.889999,79.000000,2
21-03-2021-23:43:35,76.860352,25.889999,79.000000,-4
21-03-2021-23:43:36,76.860352,25.879999,79.000000,0
21-03-2021-23:43:37,76.860352,25.879999,79.000000,4
21-03-2021-23:43:37,77.988281,25.900000,79.000000,0
21-03-2021-23:43:38,77.988281,25.900000,79.000000,2
21-03-2021-23:43:39,77.988281,25.900000,79.000000,4
21-03-2021-23:43:40,78.417969,25.889999,79.000000,3
21-03-2021-23:43:40,78.417969,25.910000,79.000000,4
21-03-2021-23:43:41,77.612305,25.910000,79.000000,14
21-03-2021-23:43:42,77.612305,25.889999,79.000000,13
21-03-2021-23:43:43,77.612305,25.889999,79.000000,16
21-03-2021-23:43:43,76.000977,25.889999,79.000000,36
21-03-2021-23:43:44,76.000977,25.900000,79.000000,34
21-03-2021-23:43:45,76.000977,25.900000,79.000000,40
21-03-2021-23:43:46,76.484375,25.910000,79.000000,43
21-03-2021-23:43:46,76.484375,25.910000,79.000000,48
21-03-2021-23:43:47,76.484375,25.900000,79.000000,53
21-03-2021-23:43:48,76.914062,25.900000,79.000000,55
21-03-2021-23:43:49,76.914062,25.900000,79.000000,59
21-03-2021-23:43:49,76.914062,25.900000,79.000000,63
21-03-2021-23:43:50,79.169922,25.889999,79.000000,52
21-03-2021-23:43:51,79.169922,25.879999,79.000000,51
21-03-2021-23:43:52,81.210938,25.900000,79.000000,29
21-03-2021-23:43:52,81.210938,25.900000,79.000000,34
21-03-2021-23:43:53,81.210938,25.900000,79.000000,30
21-03-2021-23:43:54,81.103516,25.900000,79.000000,27
21-03-2021-23:43:54,81.103516,25.900000,79.000000,22
21-03-2021-23:43:55,81.103516,25.900000,79.000000,18
21-03-2021-23:43:56,81.318359,25.910000,79.000000,11
21-03-2021-23:43:57,81.318359,25.900000,79.000000,8
21-03-2021-23:43:57,81.318359,25.900000,79.000000,3
21-03-2021-23:43:58,81.210938,25.900000,79.000000,0
21-03-2021-23:43:59,81.210938,25.910000,79.000000,-4
21-03-2021-23:44:00,81.210938,25.910000,79.000000,-9
21-03-2021-23:44:00,81.157227,25.900000,79.000000,-13
21-03-2021-23:44:01,81.157227,25.900000,79.000000,-17
21-03-2021-23:44:02,81.157227,25.900000,79.000000,-21
21-03-2021-23:44:03,81.318359,25.910000,79.000000,-27
21-03-2021-23:44:03,81.318359,25.900000,79.000000,-32
21-03-2021-23:44:04,80.512695,25.900000,79.000000,-27
21-03-2021-23:44:05,80.512695,25.900000,79.000000,-34
21-03-2021-23:44:06,80.512695,25.900000,79.000000,-37
21-03-2021-23:44:06,80.244141,25.900000,79.000000,-37
21-03-2021-23:44:07,80.244141,25.900000,79.000000,-41
21-03-2021-23:44:08,80.244141,25.900000,79.000000,-44
21-03-2021-23:44:09,81.640625,25.920000,79.000000,-62
21-03-2021-23:44:09,81.640625,25.900000,79.000000,-60
21-03-2021-23:44:10,81.640625,25.900000,79.000000,-65
21-03-2021-23:44:11,82.875977,25.910000,79.000000,-79
21-03-2021-23:44:12,82.875977,25.900000,79.000000,-87
21-03-2021-23:44:12,82.875977,25.900000,79.000000,-95
21-03-2021-23:44:13,83.950195,25.900000,79.000000,-100
21-03-2021-23:44:14,83.950195,25.900000,79.000000,-100
21-03-2021-23:44:15,82.607422,25.900000,79.000000,-100
21-03-2021-23:44:15,82.607422,25.900000,79.000000,-100
21-03-2021-23:44:16,82.607422,25.900000,79.000000,-100
21-03-2021-23:44:17,81.855469,25.900000,79.000000,-100
21-03-2021-23:44:17,81.855469,25.910000,79.000000,-100
21-03-2021-23:44:18,81.855469,25.900000,79.000000,-100
21-03-2021-23:44:19,80.942383,25.889999,79.000000,-100
21-03-2021-23:44:20,80.942383,25.900000,79.000000,-100
21-03-2021-23:44:20,80.942383,25.900000,79.000000,-100
21-03-2021-23:44:21,81.264648,25.900000,79.000000,-100
21-03-2021-23:44:22,81.264648,25.900000,79.000000,-100
21-03-2021-23:44:23,81.264648,25.900000,79.000000,-100
21-03-2021-23:44:23,79.008789,25.910000,79.000000,-100
21-03-2021-23:44:24,79.008789,25.900000,79.000000,-100
21-03-2021-23:44:25,79.008789,25.900000,79.000000,-100
21-03-2021-23:44:26,78.149414,25.900000,79.000000,-94
21-03-2021-23:44:26,78.149414,25.900000,79.000000,-92
21-03-2021-23:44:27,76.967773,25.900000,79.000000,-77
21-03-2021-23:44:28,76.967773,25.889999,79.000000,-79
21-03-2021-23:44:29,76.967773,25.900000,79.000000,-75
21-03-2021-23:44:29,76.430664,25.889999,79.000000,-65
21-03-2021-23:44:30,76.430664,25.900000,79.000000,-62
21-03-2021-23:44:31,76.430664,25.900000,79.000000,-57
21-03-2021-23:44:32,74.926758,25.900000,79.000000,-36
21-03-2021-23:44:32,74.926758,25.900000,79.000000,-35
21-03-2021-23:44:33,74.926758,25.900000,79.000000,-27
21-03-2021-23:44:34,72.294922,25.900000,79.000000,0
21-03-2021-23:44:35,72.294922,25.900000,79.000000,12
21-03-2021-23:44:35,72.294922,25.900000,79.000000,25
21-03-2021-23:44:36,71.757812,25.889999,79.000000,43
21-03-2021-23:44:37,71.757812,25.889999,79.000000,57
21-03-2021-23:44:38,71.757812,25.889999,79.000000,72
21-03-2021-23:44:38,72.294922,25.889999,79.000000,82
21-03-2021-23:44:39,72.294922,25.900000,79.000000,96
21-03-2021-23:44:40,73.637695,25.889999,79.000000,94
21-03-2021-23:44:40,73.637695,25.900000,79.000000,100
21-03-2021-23:44:41,73.637695,25.889999,79.000000,100
21-03-2021-23:44:42,75.141602,25.889999,79.000000,100
21-03-2021-23:44:43,75.141602,25.900000,79.000000,100
21-03-2021-23:44:43,75.141602,25.900000,79.000000,100
21-03-2021-23:44:44,76.000977,25.900000,79.000000,100
21-03-2021-23:44:45,76.000977,25.900000,79.000000,100
21-03-2021-23:44:46,76.000977,25.889999,79.000000,100
21-03-2021-23:44:46,76.752930,25.889999,79.000000,100
21-03-2021-23:44:47,76.752930,25.889999,79.000000,100
21-03-2021-23:44:48,76.752930,25.889999,79.000000,100
21-03-2021-23:44:49,75.463867,25.889999,79.000000,100
21-03-2021-23:44:49,75.463867,25.900000,79.000000,100
21-03-2021-23:44:50,75.463867,25.900000,79.000000,100
21-03-2021-23:44:51,75.249023,25.889999,79.000000,100
21-03-2021-23:44:52,75.249023,25.889999,79.000000,100
21-03-2021-23:44:52,75.034180,25.910000,79.000000,100
21-03-2021-23:44:53,75.034180,25.910000,79.000000,100
21-03-2021-23:44:54,75.034180,25.889999,79.000000,100
21-03-2021-23:44:55,74.604492,25.889999,79.000000,100
21-03-2021-23:44:55,74.604492,25.889999,79.000000,100
21-03-2021-23:44:56,74.604492,25.889999,79.000000,100
21-03-2021-23:44:57,74.604492,25.889999,79.000000,100
21-03-2021-23:44:58,74.604492,25.889999,79.000000,100
21-03-2021-23:44:58,74.604492,25.889999,79.000000,100
21-03-2021-23:44:59,75.356445,25.889999,79.000000,100
21-03-2021-23:45:00,75.356445,25.889999,79.000000,100
21-03-2021-23:45:01,75.356445,25.900000,79.000000,100
21-03-2021-23:45:01,76.752930,25.900000,79.000000,100
21-03-2021-23:45:02,76.752930,25.889999,79.000000,100
21-03-2021-23:45:03,78.417969,25.900000,79.000000,94
21-03-2021-23:45:03,78.417969,25.900000,79.000000,100
21-03-2021-23:45:04,78.417969,25.900000,79.000000,100
21-03-2021-23:45:05,78.686523,25.900000,79.000000,100
21-03-2021-23:45:06,78.686523,25.889999,79.000000,100
21-03-2021-23:45:06,78.686523,25.889999,79.000000,100
21-03-2021-23:45:07,79.331055,25.900000,79.000000,94
21-03-2021-23:45:08,79.331055,25.900000,79.000000,97
21-03-2021-23:45:09,79.331055,25.900000,79.000000,96
21-03-2021-23:45:09,78.793945,25.900000,79.000000,99
21-03-2021-23:45:10,78.793945,25.889999,79.000000,100
21-03-2021-23:45:11,78.793945,25.900000,79.000000,100
21-03-2021-23:45:12,80.942383,25.900000,79.000000,85
21-03-2021-23:45:12,80.942383,25.889999,79.000000,82
21-03-2021-23:45:13,80.942383,25.900000,79.000000,78
21-03-2021-23:45:14,83.144531,25.910000,79.000000,58
21-03-2021-23:45:15,83.144531,25.910000,79.000000,50
21-03-2021-23:45:15,85.078125,25.900000,79.000000,21
21-03-2021-23:45:16,85.078125,25.889999,79.000000,18
21-03-2021-23:45:17,85.078125,25.879999,79.000000,6
21-03-2021-23:45:18,85.668945,25.889999,79.000000,-12
21-03-2021-23:45:18,85.668945,25.889999,79.000000,-22
21-03-2021-23:45:19,85.668945,25.900000,79.000000,-35
21-03-2021-23:45:20,87.280273,25.900000,79.000000,-67
21-03-2021-23:45:21,87.280273,25.900000,79.000000,-75
21-03-2021-23:45:21,87.280273,25.879999,79.000000,-92
21-03-2021-23:45:22,87.709961,25.900000,79.000000,-100
21-03-2021-23:45:23,87.709961,25.889999,79.000000,-100
21-03-2021-23:45:24,87.709961,25.879999,79.000000,-100
21-03-2021-23:45:24,87.280273,25.889999,79.000000,-100
21-03-2021-23:45:25,87.280273,25.889999,79.000000,-100
21-03-2021-23:45:26,87.280273,25.879999,79.000000,-100
21-03-2021-23:45:26,85.454102,25.879999,79.000000,-100
21-03-2021-23:45:27,85.454102,25.889999,79.000000,-100
21-03-2021-23:45:28,84.916992,25.900000,79.000000,-100
21-03-2021-23:45:29,84.916992,25.889999,79.000000,-100
21-03-2021-23:45:29,84.916992,25.900000,79.000000,-100
21-03-2021-23:45:30,85.722656,25.900000,79.000000,-100
21-03-2021-23:45:31,85.722656,25.900000,79.000000,-100
21-03-2021-23:45:32,85.722656,25.900000,79.000000,-100
21-03-2021-23:45:32,84.702148,25.910000,79.000000,-100
21-03-2021-23:45:33,84.702148,25.900000,79.000000,-100
21-03-2021-23:45:34,84.702148,25.900000,79.000000,-100
21-03-2021-23:45:35,83.842773,25.900000,79.000000,-100
21-03-2021-23:45:35,83.842773,25.900000,79.000000,-100
21-03-2021-23:45:36,83.842773,25.910000,79.000000,-100
21-03-2021-23:45:37,81.318359,25.900000,79.000000,-100
21-03-2021-23:45:38,81.318359,25.900000,79.000000,-100
21-03-2021-23:45:38,81.318359,25.900000,79.000000,-100
21-03-2021-23:45:39,79.707031,25.910000,79.000000,-100
21-03-2021-23:45:40,79.707031,25.910000,79.000000,-100
21-03-2021-23:45:41,78.364258,25.910000,79.000000,-89
21-03-2021-23:45:41,78.364258,25.900000,79.000000,-94
21-03-2021-23:45:42,78.364258,25.910000,79.000000,-93
21-03-2021-23:45:43,77.612305,25.900000,79.000000,-84
21-03-2021-23:45:44,77.612305,25.910000,79.000000,-85
21-03-2021-23:45:44,77.612305,25.910000,79.000000,-82
21-03-2021-23:45:45,77.880859,25.910000,79.000000,-81
21-03-2021-23:45:46,77.880859,25.910000,79.000000,-79
21-03-2021-23:45:47,77.880859,25.910000,79.000000,-76
21-03-2021-23:45:47,76.215820,25.910000,79.000000,-63
21-03-2021-23:45:48,76.215820,25.910000,79.000000,-57
21-03-2021-23:45:49,76.215820,25.910000,79.000000,-51
21-03-2021-23:45:49,75.786133,25.900000,79.000000,-43
21-03-2021-23:45:50,75.786133,25.910000,79.000000,-36
21-03-2021-23:45:51,73.208008,25.910000,79.000000,-2
21-03-2021-23:45:52,73.208008,25.910000,79.000000,-3
21-03-2021-23:45:52,73.208008,25.900000,79.000000,8
21-03-2021-23:45:53,74.228516,25.910000,79.000000,8
21-03-2021-23:45:54,74.228516,25.900000,79.000000,23
21-03-2021-23:45:55,74.228516,25.910000,79.000000,32
21-03-2021-23:45:55,74.174805,25.910000,26.000000,-100
21-03-2021-23:45:56,74.174805,25.910000,26.000000,-100
21-03-2021-23:45:57,74.174805,25.910000,26.000000,-100
21-03-2021-23:45:58,76.054688,25.900000,26.000000,-100
21-03-2021-23:45:58,76.054688,25.910000,26.000000,-100
21-03-2021-23:45:59,76.054688,25.900000,26.000000,-100
21-03-2021-23:46:00,75.786133,25.910000,26.000000,-100
21-03-2021-23:46:01,75.786133,25.910000,26.000000,-100
21-03-2021-23:46:01,75.786133,25.910000,26.000000,-100
21-03-2021-23:46:02,76.000977,25.910000,26.000000,-100
21-03-2021-23:46:03,76.000977,25.900000,26.000000,-100
21-03-2021-23:46:04,75.410156,25.910000,26.000000,-100
21-03-2021-23:46:04,75.410156,25.900000,26.000000,-100
21-03-2021-23:46:05,75.410156,25.889999,26.000000,-100
21-03-2021-23:46:06,74.604492,25.900000,26.000000,-100
21-03-2021-23:46:07,74.604492,25.910000,26.000000,-100
21-03-2021-23:46:07,74.604492,25.910000,26.000000,-100
21-03-2021-23:46:08,73.906250,25.870001,26.000000,-100
21-03-2021-23:46:09,73.906250,25.900000,26.000000,-100
21-03-2021-23:46:10,73.906250,25.900000,26.000000,-100
21-03-2021-23:46:10,74.013672,25.900000,26.000000,-100
21-03-2021-23:46:11,74.013672,25.900000,26.000000,-100
21-03-2021-23:46:12,74.013672,25.900000,26.000000,-100
21-03-2021-23:46:13,73.798828,25.900000,26.000000,-100
21-03-2021-23:46:13,73.798828,25.900000,26.000000,-100
21-03-2021-23:46:14,72.939453,25.900000,26.000000,-100
21-03-2021-23:46:15,72.939453,25.889999,26.000000,-100
21-03-2021-23:46:15,72.939453,25.900000,26.000000,-100
21-03-2021-23:46:16,72.294922,25.889999,26.000000,-100
21-03-2021-23:46:17,72.294922,25.910000,26.000000,-100
21-03-2021-23:46:18,72.294922,25.900000,26.000000,-100
21-03-2021-23:46:18,71.865234,25.900000,26.000000,-100
21-03-2021-23:46:19,71.865234,25.889999,26.000000,-100
21-03-2021-23:46:20,71.865234,25.900000,26.000000,-100
21-03-2021-23:46:21,70.307617,25.900000,26.000000,-100
21-03-2021-23:46:21,70.307617,25.910000,26.000000,-100
21-03-2021-23:46:22,70.307617,25.900000,26.000000,-100
21-03-2021-23:46:23,69.609375,25.900000,26.000000,-100
21-03-2021-23:46:24,69.609375,25.900000,26.000000,-100
21-03-2021-23:46:24,69.609375,25.889999,26.000000,-100
21-03-2021-23:46:25,69.287109,25.900000,26.000000,-100
21-03-2021-23:46:26,69.287109,25.900000,26.000000,-100
21-03-2021-23:46:27,69.125977,25.900000,26.000000,-100
21-03-2021-23:46:27,69.125977,25.900000,26.000000,-100
21-03-2021-23:46:28,69.125977,25.900000,26.000000,-100
21-03-2021-23:46:29,67.460938,25.900000,26.000000,-100
21-03-2021-23:46:30,67.460938,25.900000,26.000000,-100
21-03-2021-23:46:30,67.460938,25.889999,26.000000,-100
21-03-2021-23:46:31,67.031250,25.900000,26.000000,-100
21-03-2021-23:46:32,67.031250,25.900000,26.000000,-100
21-03-2021-23:46:33,67.031250,25.889999,26.000000,-100
21-03-2021-23:46:33,66.923828,25.889999,26.000000,-100
21-03-2021-23:46:34,66.923828,25.900000,26.000000,-100
21-03-2021-23:46:35,66.923828,25.900000,26.000000,-100
21-03-2021-23:46:36,66.762695,25.900000,26.000000,-100
21-03-2021-23:46:36,66.762695,25.900000,26.000000,-100
21-03-2021-23:46:37,66.762695,25.879999,26.000000,-100
21-03-2021-23:46:38,64.291992,25.879999,26.000000,-100
21-03-2021-23:46:38,64.291992,25.889999,26.000000,-100
21-03-2021-23:46:39,63.217773,25.889999,26.000000,-100
21-03-2021-23:46:40,63.217773,25.889999,26.000000,-100
21-03-2021-23:46:41,63.217773,25.889999,26.000000,-100
21-03-2021-23:46:41,62.197266,25.879999,26.000000,-100
21-03-2021-23:46:42,62.197266,25.879999,26.000000,-100
21-03-2021-23:46:43,62.197266,25.870001,26.000000,-100
21-03-2021-23:46:44,63.002930,25.879999,26.000000,-100
21-03-2021-23:46:44,63.002930,25.879999,26.000000,-100
21-03-2021-23:46:45,63.002930,25.879999,26.000000,-100
21-03-2021-23:46:46,63.271484,25.879999,26.000000,-100
21-03-2021-23:46:47,63.271484,25.879999,26.000000,-100
21-03-2021-23:46:47,63.271484,25.879999,26.000000,-100
21-03-2021-23:46:48,61.982422,25.900000,26.000000,-100
21-03-2021-23:46:49,61.982422,25.889999,26.000000,-100
21-03-2021-23:46:50,61.445312,25.900000,26.000000,-100
21-03-2021-23:46:50,61.445312,25.900000,26.000000,-100
21-03-2021-23:46:51,61.445312,25.879999,26.000000,-100
21-03-2021-23:46:52,59.458008,25.900000,26.000000,-100
21-03-2021-23:46:53,59.458008,25.879999,26.000000,-100
21-03-2021-23:46:53,59.458008,25.879999,26.000000,-100
21-03-2021-23:46:54,60.961914,25.900000,26.000000,-100
21-03-2021-23:46:55,60.961914,25.889999,26.000000,-100
21-03-2021-23:46:56,60.961914,25.879999,26.000000,-100
21-03-2021-23:46:56,60.639648,25.879999,26.000000,-100
21-03-2021-23:46:57,60.639648,25.889999,26.000000,-100
21-03-2021-23:46:58,60.639648,25.889999,26.000000,-100
21-03-2021-23:46:59,59.726562,25.889999,26.000000,-100
21-03-2021-23:46:59,59.726562,25.889999,26.000000,-100
21-03-2021-23:47:00,59.726562,25.889999,26.000000,-100
21-03-2021-23:47:01,58.813477,25.900000,26.000000,-100
21-03-2021-23:47:02,58.813477,25.900000,26.000000,-100
21-03-2021-23:47:02,57.846680,25.879999,26.000000,-100
21-03-2021-23:47:03,57.846680,25.879999,26.000000,-100
21-03-2021-23:47:04,57.846680,25.900000,26.000000,-100
21-03-2021-23:47:05,58.544922,25.879999,26.000000,-100
21-03-2021-23:47:05,58.544922,25.889999,26.000000,-100
21-03-2021-23:47:06,58.544922,25.879999,26.000000,-100
21-03-2021-23:47:07,58.330078,25.879999,26.000000,-100
21-03-2021-23:47:07,58.330078,25.900000,26.000000,-100
21-03-2021-23:47:08,58.330078,25.889999,26.000000,-100
21-03-2021-23:47:09,57.094727,25.900000,26.000000,-100
21-03-2021-23:47:10,57.094727,25.879999,26.000000,-100
21-03-2021-23:47:10,57.094727,25.889999,26.000000,-100
21-03-2021-23:47:11,55.859375,25.879999,26.000000,-100
21-03-2021-23:47:12,55.859375,25.879999,26.000000,-100
21-03-2021-23:47:13,55.161133,25.889999,26.000000,-100
21-03-2021-23:47:13,55.161133,25.879999,26.000000,-100
21-03-2021-23:47:14,55.161133,25.879999,26.000000,-100
21-03-2021-23:47:15,55.375977,25.889999,26.000000,-100
21-03-2021-23:47:16,55.375977,25.889999,26.000000,-100
21-03-2021-23:47:16,55.375977,25.879999,26.000000,-100
21-03-2021-23:47:17,55.375977,25.889999,26.000000,-100
21-03-2021-23:47:18,55.375977,25.889999,26.000000,-100
21-03-2021-23:47:19,55.375977,25.879999,26.000000,-100
21-03-2021-23:47:19,53.710938,25.879999,26.000000,-100
21-03-2021-23:47:20,53.710938,25.879999,26.000000,-100
21-03-2021-23:47:21,53.710938,25.879999,26.000000,-100
21-03-2021-23:47:22,52.905273,25.879999,26.000000,-100
21-03-2021-23:47:22,52.905273,25.879999,26.000000,-100
21-03-2021-23:47:23,52.905273,25.879999,26.000000,-100
21-03-2021-23:47:24,52.958984,25.889999,26.000000,-100
21-03-2021-23:47:25,52.958984,25.879999,26.000000,-100
21-03-2021-23:47:25,53.442383,25.870001,26.000000,-100
21-03-2021-23:47:26,53.442383,25.870001,26.000000,-100
21-03-2021-23:47:27,53.442383,25.860001,26.000000,-100
21-03-2021-23:47:28,53.012695,25.870001,26.000000,-100
21-03-2021-23:47:28,53.012695,25.870001,26.000000,-100
21-03-2021-23:47:29,53.012695,25.860001,26.000000,-100
21-03-2021-23:47:30,52.099609,25.860001,26.000000,-100
21-03-2021-23:47:31,52.099609,25.860001,26.000000,-100
21-03-2021-23:47:31,52.099609,25.850000,26.000000,-100
21-03-2021-23:47:32,51.508789,25.850000,26.000000,-100
21-03-2021-23:47:33,51.508789,25.850000,26.000000,-100
21-03-2021-23:47:33,51.508789,25.850000,26.000000,-100
21-03-2021-23:47:34,50.917969,25.850000,26.000000,-100
21-03-2021-23:47:35,50.917969,25.860001,26.000000,-100
21-03-2021-23:47:36,50.917969,25.850000,26.000000,-100
21-03-2021-23:47:36,49.790039,25.850000,26.000000,-100
21-03-2021-23:47:37,49.790039,25.850000,26.000000,-100
21-03-2021-23:47:38,49.521484,25.840000,26.000000,-100
21-03-2021-23:47:39,49.521484,25.840000,26.000000,-100
21-03-2021-23:47:39,49.521484,25.840000,26.000000,-100
21-03-2021-23:47:40,50.004883,25.840000,26.000000,-100
21-03-2021-23:47:41,50.004883,25.850000,26.000000,-100
21-03-2021-23:47:42,50.004883,25.840000,26.000000,-100
21-03-2021-23:47:42,51.455078,25.840000,26.000000,-100
21-03-2021-23:47:43,51.455078,25.840000,26.000000,-100
21-03-2021-23:47:44,51.455078,25.840000,26.000000,-100
21-03-2021-23:47:45,51.293945,25.850000,26.000000,-100
21-03-2021-23:47:45,51.293945,25.840000,26.000000,-100
21-03-2021-23:47:46,51.293945,25.840000,26.000000,-100
21-03-2021-23:47:47,51.025391,25.840000,26.000000,-100
21-03-2021-23:47:48,51.025391,25.830000,26.000000,-100
21-03-2021-23:47:48,51.025391,25.820000,26.000000,-100
21-03-2021-23:47:49,49.252930,25.830000,26.000000,-100
21-03-2021-23:47:50,49.252930,25.830000,26.000000,-100
21-03-2021-23:47:51,48.017578,25.830000,26.000000,-100
21-03-2021-23:47:51,48.017578,25.830000,26.000000,-100
21-03-2021-23:47:52,48.017578,25.820000,26.000000,-100
21-03-2021-23:47:53,46.943359,25.830000,26.000000,-100
21-03-2021-23:47:53,46.943359,25.830000,26.000000,-100
21-03-2021-23:47:54,46.943359,25.830000,26.000000,-100
21-03-2021-23:47:55,46.674805,25.830000,26.000000,-100
21-03-2021-23:47:56,46.674805,25.820000,26.000000,-100
21-03-2021-23:47:56,46.674805,25.830000,26.000000,-100
21-03-2021-23:47:57,45.815430,25.830000,26.000000,-100
21-03-2021-23:47:58,45.815430,25.830000,26.000000,-100
21-03-2021-23:47:59,45.815430,25.830000,26.000000,-100
21-03-2021-23:47:59,44.741211,25.830000,26.000000,-100
21-03-2021-23:48:00,44.741211,25.830000,26.000000,-100
21-03-2021-23:48:01,43.559570,25.830000,26.000000,-100
21-03-2021-23:48:02,43.559570,25.820000,26.000000,-100
21-03-2021-23:48:02,43.559570,25.820000,26.000000,-100
21-03-2021-23:48:03,44.096680,25.830000,26.000000,-100
21-03-2021-23:48:04,44.096680,25.840000,26.000000,-100
21-03-2021-23:48:05,44.096680,25.830000,26.000000,-100
21-03-2021-23:48:05,44.741211,25.830000,26.000000,-100
21-03-2021-23:48:06,44.741211,25.830000,26.000000,-100
21-03-2021-23:48:07,44.741211,25.830000,26.000000,-100
21-03-2021-23:48:08,45.600586,25.830000,26.000000,-100
21-03-2021-23:48:08,45.600586,25.820000,26.000000,-100
21-03-2021-23:48:09,45.600586,25.820000,26.000000,-100
21-03-2021-23:48:10,46.298828,25.830000,26.000000,-100
21-03-2021-23:48:11,46.298828,25.820000,26.000000,-100
21-03-2021-23:48:11,46.298828,25.820000,26.000000,-100
21-03-2021-23:48:12,45.600586,25.820000,26.000000,-100
21-03-2021-23:48:13,45.600586,25.820000,26.000000,-100
21-03-2021-23:48:14,45.869141,25.820000,26.000000,-100
21-03-2021-23:48:14,45.869141,25.820000,26.000000,-100
21-03-2021-23:48:15,45.869141,25.820000,26.000000,-100
21-03-2021-23:48:16,45.493164,25.809999,26.000000,-100
21-03-2021-23:48:17,45.493164,25.809999,26.000000,-100
21-03-2021-23:48:17,45.493164,25.820000,26.000000,-100
21-03-2021-23:48:18,45.708008,25.809999,26.000000,-100
21-03-2021-23:48:19,45.708008,25.809999,26.000000,-100
21-03-2021-23:48:19,45.708008,25.799999,26.000000,-100
21-03-2021-23:48:20,45.278320,25.809999,26.000000,-100
21-03-2021-23:48:21,45.278320,25.809999,26.000000,-100
21-03-2021-23:48:22,45.278320,25.809999,26.000000,-100
21-03-2021-23:48:22,44.311523,25.799999,26.000000,-100
21-03-2021-23:48:23,44.311523,25.809999,26.000000,-100
21-03-2021-23:48:24,44.311523,25.809999,26.000000,-100
21-03-2021-23:48:25,44.096680,25.809999,26.000000,-100
21-03-2021-23:48:25,44.096680,25.809999,26.000000,-100
21-03-2021-23:48:26,43.720703,25.809999,26.000000,-100
21-03-2021-23:48:27,43.720703,25.809999,26.000000,-100
21-03-2021-23:48:28,43.720703,25.809999,26.000000,-100
21-03-2021-23:48:28,43.828125,25.799999,26.000000,-100
21-03-2021-23:48:29,43.828125,25.809999,26.000000,-100
21-03-2021-23:48:30,43.828125,25.809999,26.000000,-100
21-03-2021-23:48:31,43.505859,25.809999,26.000000,-100
21-03-2021-23:48:31,43.505859,25.809999,26.000000,-100
21-03-2021-23:48:32,43.505859,25.809999,26.000000,-100
21-03-2021-23:48:33,43.452148,25.799999,26.000000,-100
21-03-2021-23:48:34,43.452148,25.809999,26.000000,-100
21-03-2021-23:48:34,43.452148,25.809999,26.000000,-100
21-03-2021-23:48:35,43.452148,25.809999,26.000000,-100
21-03-2021-23:48:36,43.452148,25.809999,26.000000,-100
21-03-2021-23:48:37,43.613281,25.799999,26.000000,-100
21-03-2021-23:48:37,43.613281,25.809999,26.000000,-100
21-03-2021-23:48:38,43.613281,25.809999,26.000000,-100
21-03-2021-23:48:39,43.828125,25.799999,26.000000,-100
21-03-2021-23:48:40,43.828125,25.799999,26.000000,-100
21-03-2021-23:48:40,43.828125,25.809999,26.000000,-100
21-03-2021-23:48:41,43.559570,25.790001,26.000000,-100
21-03-2021-23:48:42,43.559570,25.799999,26.000000,-100
21-03-2021-23:48:42,43.559570,25.799999,26.000000,-100
21-03-2021-23:48:43,43.452148,25.799999,26.000000,-100
21-03-2021-23:48:44,43.452148,25.799999,26.000000,-100
21-03-2021-23:48:45,43.452148,25.799999,26.000000,-100
21-03-2021-23:48:45,42.109375,25.809999,26.000000,-100
21-03-2021-23:48:46,42.109375,25.799999,26.000000,-100
21-03-2021-23:48:47,42.109375,25.799999,26.000000,-100
21-03-2021-23:48:48,41.518555,25.790001,26.000000,-100
21-03-2021-23:48:48,41.518555,25.790001,26.000000,-100
21-03-2021-23:48:49,41.303711,25.790001,26.000000,-100
21-03-2021-23:48:50,41.303711,25.799999,26.000000,-100
21-03-2021-23:48:51,41.303711,25.790001,26.000000,-100
21-03-2021-23:48:51,41.357422,25.790001,26.000000,-100
21-03-2021-23:48:52,41.357422,25.790001,26.000000,-100
21-03-2021-23:48:53,41.357422,25.790001,26.000000,-100
21-03-2021-23:48:54,41.357422,25.790001,26.000000,-100
21-03-2021-23:48:54,41.357422,25.799999,26.000000,-100
21-03-2021-23:48:55,41.357422,25.799999,26.000000,-100
21-03-2021-23:48:56,40.283203,25.790001,26.000000,-100
21-03-2021-23:48:57,40.283203,25.790001,26.000000,-100
21-03-2021-23:48:57,40.283203,25.790001,26.000000,-100
21-03-2021-23:48:58,39.638672,25.799999,26.000000,-100
21-03-2021-23:48:59,39.638672,25.799999,26.000000,-100
21-03-2021-23:49:00,39.638672,25.799999,26.000000,-100
21-03-2021-23:49:00,39.101562,25.799999,26.000000,-100
21-03-2021-23:49:01,39.101562,25.790001,26.000000,-100
21-03-2021-23:49:02,38.886719,25.790001,26.000000,-100
21-03-2021-23:49:03,38.886719,25.799999,26.000000,-100
21-03-2021-23:49:03,38.886719,25.790001,26.000000,-100
21-03-2021-23:49:04,38.671875,25.799999,26.000000,-100
21-03-2021-23:49:05,38.671875,25.799999,26.000000,-100
21-03-2021-23:49:06,38.671875,25.790001,26.000000,-100
